{
	"info": {
		"_postman_id": "05ef2447-0928-4be4-8464-673b5083c73e",
		"name": "Movie In The Park",
		"schema": "https://schema.getpostman.com/json/collection/v2.1.0/collection.json",
		"_exporter_id": "32690343"
	},
	"item": [
		{
			"name": "Users",
			"item": [
				{
					"name": "Register",
					"request": {
						"method": "POST",
						"header": [],
						"body": {
							"mode": "raw",
							"raw": "{\r\n  \"email\": \"admin@test.com\",\r\n  \"password\": \"Nexus2023.\",\r\n  \"name\": \"Admin\",\r\n  \"phone\": \"699000000\",\r\n  \"role\": \"admin\"\r\n}\r\n",
							"options": {
								"raw": {
									"language": "json"
								}
							}
						},
						"url": {
							"raw": "{{baseUrl}}/api/auth/register",
							"host": [
								"{{baseUrl}}"
							],
							"path": [
								"api",
								"auth",
								"register"
							]
						}
					},
					"response": []
				},
				{
					"name": "Login",
					"request": {
						"method": "POST",
						"header": [],
						"body": {
							"mode": "raw",
							"raw": "{\r\n  \"email\": \"admin@test.com\",\r\n  \"password\": \"Nexus2023.\"\r\n}\r\n",
							"options": {
								"raw": {
									"language": "json"
								}
							}
						},
						"url": {
							"raw": "{{baseUrl}}/api/auth/login",
							"host": [
								"{{baseUrl}}"
							],
							"path": [
								"api",
								"auth",
								"login"
							]
						}
					},
					"response": []
				}
			]
		},
		{
			"name": "Reservations",
			"item": [
				{
					"name": "Get All Reservation",
					"request": {
						"auth": {
							"type": "bearer",
							"bearer": [
								{
									"key": "token",
									"value": "eyJhbGciOiJIUzI1NiIsInR5cCI6IkpXVCJ9.eyJpZCI6IjAyYWUxOTNiLTBmNjMtNDJkZi1iMDM5LWQ5ODQ5OThmMGQyYSIsImVtYWlsIjoiYWRtaW5AdGVzdC5jb20iLCJyb2xlIjoiYWRtaW4iLCJpYXQiOjE3NjQ2MDI2MzIsImV4cCI6MTc2NTIwNzQzMn0.AS_m8n2FfamYNUsvUmOH6anlqXA49qQ4S5SQ29bb5vQ",
									"type": "string"
								}
							]
						},
						"method": "GET",
						"header": [],
						"url": {
							"raw": "{{baseUrl}}/api/reservations",
							"host": [
								"{{baseUrl}}"
							],
							"path": [
								"api",
								"reservations"
							]
						}
					},
					"response": []
				}
			]
		},
		{
			"name": "payments",
			"item": [
				{
					"name": "Get Payment",
					"request": {
						"auth": {
							"type": "bearer",
							"bearer": [
								{
									"key": "token",
									"value": "eyJhbGciOiJIUzI1NiIsInR5cCI6IkpXVCJ9.eyJpZCI6IjAyYWUxOTNiLTBmNjMtNDJkZi1iMDM5LWQ5ODQ5OThmMGQyYSIsImVtYWlsIjoiYWRtaW5AdGVzdC5jb20iLCJyb2xlIjoic3VwZXJhZG1pbiIsImlhdCI6MTc2NDYwMzkyNywiZXhwIjoxNzY1MjA4NzI3fQ.NEmzXAKqtIgAPTv5CeGMl_Qdp4E5D4Iq7zXnaX40sdY",
									"type": "string"
								}
							]
						},
						"method": "GET",
						"header": [],
						"url": {
							"raw": "{{baseUrl}}/api/payments",
							"host": [
								"{{baseUrl}}"
							],
							"path": [
								"api",
								"payments"
							]
						}
					},
					"response": []
				}
			]
		}
	],
	"event": [
		{
			"listen": "prerequest",
			"script": {
				"type": "text/javascript",
				"packages": {},
				"requests": {},
				"exec": [
					""
				]
			}
		},
		{
			"listen": "test",
			"script": {
				"type": "text/javascript",
				"packages": {},
				"requests": {},
				"exec": [
					""
				]
			}
		}
	],
	"variable": [
		{
			"key": "baseUrl",
			"value": ""
		}
	]
}